Macro,RMSE,MAE,R²
Protein,2.372417864495907,1.6942199050091697,0.5214895228927181
Fats,6.515189078957443,3.4640885570588167,0.9025652212547707
Carbs,10.591377295020054,6.251591551250697,0.5630459697465553
