Model,RMSE,MAE,R²
Gradient Boosting,69.22980410010967,44.937700035182374,0.8708729415788564
Random Forest,68.77734046853406,45.05449132826476,0.8725552913734356
Neural Network,81.67116365678838,56.69060636511998,0.8202915330657672
Linear Regression,100.7654947935927,78.21080198719538,0.7264386515187544
